{"cameraMode":{"drawMode":0,"name":"Shaded","section":"Shading Mode"},"sceneLighting":true,"audioPlay":false,"sceneViewState":{"m_AlwaysRefresh":false,"showFog":true,"showSkybox":true,"showFlares":true,"showImageEffects":true,"showParticleSystems":true,"showVisualEffectGraphs":true,"m_FxEnabled":true},"in2DMode":false,"pivot":{"x":0.3298923373222351,"y":0.8963274955749512,"z":0.8066155314445496},"rotation":{"x":-0.05861339345574379,"y":-0.07420621067285538,"z":0.004368985071778297,"w":-0.9955115914344788},"size":1.779341220855713,"orthographic":false}